timestamp,elapsed_time_ms,effective_time_ms,className,accuracy,recording_state
2024-12-18T23:08:11.429512,12,12,UNKNOW MOVEMENT,0.572760820388794,RECORDING
2024-12-18T23:08:11.479468,62,62,05_BicipitiManubri,0.8515865802764893,RECORDING
2024-12-18T23:08:11.513876,96,96,05_BicipitiManubri,0.9993863105773926,RECORDING
2024-12-18T23:08:11.546935,129,129,05_BicipitiManubri,0.9992129802703857,RECORDING
2024-12-18T23:08:11.597372,180,180,05_BicipitiManubri,0.9995947480201721,RECORDING
2024-12-18T23:08:11.648676,231,231,05_BicipitiManubri,0.9999455213546753,RECORDING
2024-12-18T23:08:11.699387,282,282,05_BicipitiManubri,0.9999995231628418,RECORDING
2024-12-18T23:08:11.749103,331,331,05_BicipitiManubri,1.0,RECORDING
2024-12-18T23:08:11.799435,382,382,05_BicipitiManubri,1.0,RECORDING
2024-12-18T23:08:11.832770,415,415,05_BicipitiManubri,1.0,RECORDING
2024-12-18T23:08:11.883637,466,466,05_BicipitiManubri,1.0,RECORDING
2024-12-18T23:08:11.937740,520,520,05_BicipitiManubri,1.0,RECORDING
2024-12-18T23:08:11.984653,567,567,05_BicipitiManubri,1.0,RECORDING
2024-12-18T23:08:12.052822,635,635,05_BicipitiManubri,1.0,RECORDING
2024-12-18T23:08:12.085664,668,668,05_BicipitiManubri,1.0,RECORDING
2024-12-18T23:08:12.236964,819,819,05_BicipitiManubri,0.99996018409729,RECORDING
2024-12-18T23:08:12.289603,872,872,05_BicipitiManubri,0.9999861717224121,RECORDING
2024-12-18T23:08:12.338650,921,921,05_BicipitiManubri,0.9998691082000732,RECORDING
2024-12-18T23:08:12.389400,972,972,05_BicipitiManubri,0.9996975660324097,RECORDING
2024-12-18T23:08:12.439357,1021,1021,05_BicipitiManubri,0.9999915361404419,RECORDING
2024-12-18T23:08:12.508840,1091,1091,05_BicipitiManubri,1.0,RECORDING
2024-12-18T23:08:12.574377,1157,1157,05_BicipitiManubri,1.0,RECORDING
2024-12-18T23:08:12.624552,1207,1207,05_BicipitiManubri,1.0,RECORDING
2024-12-18T23:08:12.674777,1257,1257,05_BicipitiManubri,1.0,RECORDING
2024-12-18T23:08:12.708446,1291,1291,05_BicipitiManubri,1.0,RECORDING
2024-12-18T23:08:12.776059,1358,1358,05_BicipitiManubri,1.0,RECORDING
2024-12-18T23:08:12.826536,1409,1409,05_BicipitiManubri,1.0,RECORDING
2024-12-18T23:08:12.862305,1444,1444,05_BicipitiManubri,0.9999939203262329,RECORDING
2024-12-18T23:08:12.910474,1493,1493,05_BicipitiManubri,0.9999991655349731,RECORDING
2024-12-18T23:08:12.962208,1544,1544,05_BicipitiManubri,0.9999963045120239,RECORDING
2024-12-18T23:08:13.011495,1594,1594,05_BicipitiManubri,0.999992847442627,RECORDING
2024-12-18T23:08:13.062530,1645,1645,05_BicipitiManubri,0.9999988079071045,RECORDING
2024-12-18T23:08:13.112850,1695,1695,05_BicipitiManubri,0.9999995231628418,RECORDING
2024-12-18T23:08:13.163313,1745,1745,05_BicipitiManubri,0.9999988079071045,RECORDING
2024-12-18T23:08:13.214430,1797,1797,05_BicipitiManubri,0.9999977350234985,RECORDING
2024-12-18T23:08:13.264428,1847,1847,05_BicipitiManubri,0.9999922513961792,RECORDING
2024-12-18T23:08:13.314421,1897,1897,05_BicipitiManubri,1.0,RECORDING
2024-12-18T23:08:13.365508,1948,1948,05_BicipitiManubri,1.0,RECORDING
2024-12-18T23:08:13.416331,1998,1998,05_BicipitiManubri,1.0,RECORDING
2024-12-18T23:08:13.466677,2049,2049,05_BicipitiManubri,1.0,RECORDING
2024-12-18T23:08:13.499818,2082,2082,05_BicipitiManubri,1.0,RECORDING
2024-12-18T23:08:13.568065,2150,2150,05_BicipitiManubri,1.0,RECORDING
2024-12-18T23:08:13.600456,2183,2183,05_BicipitiManubri,1.0,RECORDING
2024-12-18T23:08:13.653607,2236,2236,05_BicipitiManubri,1.0,RECORDING
2024-12-18T23:08:13.702017,2284,2284,05_BicipitiManubri,1.0,RECORDING
2024-12-18T23:08:13.941502,2524,2524,05_BicipitiManubri,0.9991868138313293,RECORDING
2024-12-18T23:08:13.988286,2570,2570,05_BicipitiManubri,0.9637086987495422,RECORDING
2024-12-18T23:08:14.038309,2620,2620,06_Rematore,0.7654619812965393,RECORDING
2024-12-18T23:08:14.089591,2672,2672,06_Rematore,0.9273456931114197,RECORDING
2024-12-18T23:08:14.140204,2722,2722,05_BicipitiManubri,0.6732898950576782,RECORDING
2024-12-18T23:08:14.189647,2772,2772,05_BicipitiManubri,0.9996873140335083,RECORDING
2024-12-18T23:08:14.223638,2806,2806,05_BicipitiManubri,0.9999996423721313,RECORDING
2024-12-18T23:08:14.291628,2874,2874,05_BicipitiManubri,0.9999998807907104,RECORDING
2024-12-18T23:08:14.342101,2924,2924,05_BicipitiManubri,1.0,RECORDING
2024-12-18T23:08:14.392491,2975,2975,05_BicipitiManubri,1.0,RECORDING
2024-12-18T23:08:14.442816,3025,3025,05_BicipitiManubri,0.9999996423721313,RECORDING
2024-12-18T23:08:14.476108,3058,3058,05_BicipitiManubri,0.9999594688415527,RECORDING
2024-12-18T23:08:14.527364,3110,3110,05_BicipitiManubri,0.9998661279678345,RECORDING
2024-12-18T23:08:14.657325,3239,3239,05_BicipitiManubri,0.9999997615814209,RECORDING
2024-12-18T23:08:14.730634,3313,3313,05_BicipitiManubri,1.0,RECORDING
2024-12-18T23:08:14.778902,3361,3361,05_BicipitiManubri,1.0,RECORDING
2024-12-18T23:08:14.903972,3486,3486,05_BicipitiManubri,0.9999997615814209,RECORDING
2024-12-18T23:08:14.967389,3550,3550,05_BicipitiManubri,0.9999998807907104,RECORDING
2024-12-18T23:08:15.016287,3598,3598,05_BicipitiManubri,1.0,RECORDING
2024-12-18T23:08:15.133718,3716,3716,05_BicipitiManubri,1.0,RECORDING
2024-12-18T23:08:15.183559,3766,3766,05_BicipitiManubri,1.0,RECORDING
2024-12-18T23:08:15.217040,3799,3799,05_BicipitiManubri,1.0,RECORDING
2024-12-18T23:08:15.250704,3833,3833,05_BicipitiManubri,1.0,RECORDING
2024-12-18T23:08:15.368507,3951,3951,05_BicipitiManubri,1.0,RECORDING
2024-12-18T23:08:15.705581,4288,4288,05_BicipitiManubri,0.9295670986175537,RECORDING
2024-12-18T23:08:15.738513,4321,4321,05_BicipitiManubri,0.9281634092330933,RECORDING
2024-12-18T23:08:15.857176,4439,4439,05_BicipitiManubri,0.9999899864196777,RECORDING
2024-12-18T23:08:15.907357,4489,4489,05_BicipitiManubri,0.9999998807907104,RECORDING
2024-12-18T23:08:15.940982,4523,4523,05_BicipitiManubri,1.0,RECORDING
2024-12-18T23:08:15.991545,4574,4574,05_BicipitiManubri,1.0,RECORDING
2024-12-18T23:08:16.042267,4624,4624,05_BicipitiManubri,1.0,RECORDING
2024-12-18T23:08:16.092928,4675,4675,05_BicipitiManubri,1.0,RECORDING
2024-12-18T23:08:16.143123,4725,4725,05_BicipitiManubri,1.0,RECORDING
2024-12-18T23:08:16.176217,4758,4758,05_BicipitiManubri,0.9999725818634033,RECORDING
2024-12-18T23:08:16.227252,4809,4809,05_BicipitiManubri,0.9996875524520874,RECORDING
2024-12-18T23:08:16.277760,4860,4860,05_BicipitiManubri,0.9997264742851257,RECORDING
2024-12-18T23:08:16.328484,4911,4911,05_BicipitiManubri,0.999983549118042,RECORDING
2024-12-18T23:08:16.378654,4961,4961,05_BicipitiManubri,0.9999966621398926,RECORDING
2024-12-18T23:08:16.429367,5012,5012,05_BicipitiManubri,0.9999904632568359,RECORDING
2024-12-18T23:08:16.483070,5065,5065,05_BicipitiManubri,0.9999998807907104,RECORDING
2024-12-18T23:08:16.530808,5113,5113,05_BicipitiManubri,0.9999998807907104,RECORDING
2024-12-18T23:08:16.648758,5231,5231,05_BicipitiManubri,0.999958872795105,RECORDING
2024-12-18T23:08:16.707512,5290,5290,05_BicipitiManubri,0.9999759197235107,RECORDING
2024-12-18T23:08:16.767116,5349,5349,05_BicipitiManubri,0.9999710321426392,RECORDING
2024-12-18T23:08:16.834753,5417,5417,05_BicipitiManubri,1.0,RECORDING
2024-12-18T23:08:16.866625,5449,5449,05_BicipitiManubri,1.0,RECORDING
2024-12-18T23:08:16.921756,5504,5504,05_BicipitiManubri,1.0,RECORDING
2024-12-18T23:08:16.950647,5533,5533,05_BicipitiManubri,1.0,RECORDING
2024-12-18T23:08:17.018701,5601,5601,05_BicipitiManubri,1.0,RECORDING
2024-12-18T23:08:17.051981,5634,5634,05_BicipitiManubri,1.0,RECORDING
2024-12-18T23:08:17.119511,5702,5702,05_BicipitiManubri,1.0,RECORDING
2024-12-18T23:08:17.152856,5735,5735,05_BicipitiManubri,1.0,RECORDING
2024-12-18T23:08:17.204326,5786,5786,05_BicipitiManubri,1.0,RECORDING
2024-12-18T23:08:17.590601,6173,6173,05_BicipitiManubri,0.9991750121116638,RECORDING
2024-12-18T23:08:17.658754,6241,6241,05_BicipitiManubri,0.9989877343177795,RECORDING
2024-12-18T23:08:17.692030,6274,6274,05_BicipitiManubri,0.9999959468841553,RECORDING
2024-12-18T23:08:17.743105,6325,6325,05_BicipitiManubri,1.0,RECORDING
2024-12-18T23:08:17.793252,6375,6375,05_BicipitiManubri,1.0,RECORDING
2024-12-18T23:08:17.843264,6425,6425,05_BicipitiManubri,1.0,RECORDING
2024-12-18T23:08:17.894532,6477,6477,05_BicipitiManubri,1.0,RECORDING
2024-12-18T23:08:17.927294,6509,6509,05_BicipitiManubri,1.0,RECORDING
2024-12-18T23:08:17.977990,6560,6560,05_BicipitiManubri,1.0,RECORDING
2024-12-18T23:08:18.096405,6679,6679,05_BicipitiManubri,0.9999951124191284,RECORDING
2024-12-18T23:08:18.129734,6712,6712,05_BicipitiManubri,0.9999982118606567,RECORDING
2024-12-18T23:08:18.180111,6762,6762,05_BicipitiManubri,0.9999997615814209,RECORDING
2024-12-18T23:08:18.281321,6863,6863,05_BicipitiManubri,0.9999996423721313,RECORDING
2024-12-18T23:08:18.331765,6914,6914,05_BicipitiManubri,1.0,RECORDING
2024-12-18T23:08:18.365362,6948,6948,05_BicipitiManubri,1.0,RECORDING
2024-12-18T23:08:18.435725,7018,7018,05_BicipitiManubri,1.0,RECORDING
2024-12-18T23:08:18.466277,7048,7048,05_BicipitiManubri,1.0,RECORDING
2024-12-18T23:08:18.534687,7117,7117,05_BicipitiManubri,0.9999912977218628,RECORDING
2024-12-18T23:08:18.584627,7167,7167,05_BicipitiManubri,0.9999990463256836,RECORDING
2024-12-18T23:08:18.618357,7200,7200,05_BicipitiManubri,0.9999997615814209,RECORDING
2024-12-18T23:08:18.668594,7251,7251,05_BicipitiManubri,1.0,RECORDING
2024-12-18T23:08:18.719587,7302,7302,05_BicipitiManubri,1.0,RECORDING
2024-12-18T23:08:18.769480,7352,7352,05_BicipitiManubri,1.0,RECORDING
2024-12-18T23:08:18.820041,7402,7402,05_BicipitiManubri,1.0,RECORDING
2024-12-18T23:08:18.886944,7469,7469,05_BicipitiManubri,1.0,RECORDING
2024-12-18T23:08:18.906810,7489,7489,05_BicipitiManubri,1.0,RECORDING
2024-12-18T23:08:18.954146,7536,7536,05_BicipitiManubri,1.0,RECORDING
2024-12-18T23:08:19.004866,7587,7587,05_BicipitiManubri,1.0,RECORDING
2024-12-18T23:08:19.055401,7638,7638,05_BicipitiManubri,1.0,RECORDING
2024-12-18T23:08:19.105856,7688,7688,05_BicipitiManubri,1.0,RECORDING
2024-12-18T23:08:19.678497,8261,8261,05_BicipitiManubri,1.0,RECORDING
2024-12-18T23:08:19.797599,8380,8380,05_BicipitiManubri,1.0,RECORDING
2024-12-18T23:08:19.846899,8429,8429,05_BicipitiManubri,1.0,RECORDING
2024-12-18T23:08:19.880493,8463,8463,05_BicipitiManubri,1.0,RECORDING
2024-12-18T23:08:19.932051,8514,8514,05_BicipitiManubri,0.9998506307601929,RECORDING
2024-12-18T23:08:20.082567,8665,8665,05_BicipitiManubri,0.9999983310699463,RECORDING
2024-12-18T23:08:20.133530,8716,8716,05_BicipitiManubri,0.9997537732124329,RECORDING
2024-12-18T23:08:20.184164,8766,8766,alzate_laterali,0.6624621748924255,RECORDING
2024-12-18T23:08:20.302954,8885,8885,05_BicipitiManubri,0.901474118232727,RECORDING
2024-12-18T23:08:20.352238,8934,8934,05_BicipitiManubri,0.9849928617477417,RECORDING
2024-12-18T23:08:20.386070,8968,8968,05_BicipitiManubri,0.9995061159133911,RECORDING
2024-12-18T23:08:20.419762,9002,9002,05_BicipitiManubri,0.9992515444755554,RECORDING
2024-12-18T23:08:20.557384,9140,9140,UNKNOW MOVEMENT,0.999998927116394,RECORDING
2024-12-18T23:08:20.622125,9204,9204,UNKNOW MOVEMENT,1.0,RECORDING
2024-12-18T23:08:20.672538,9255,9255,UNKNOW MOVEMENT,1.0,RECORDING
2024-12-18T23:08:20.723040,9305,9305,UNKNOW MOVEMENT,1.0,RECORDING
2024-12-18T23:08:20.755784,9338,9338,UNKNOW MOVEMENT,0.9999998807907104,RECORDING
2024-12-18T23:08:20.806799,9389,9389,UNKNOW MOVEMENT,0.9999948740005493,RECORDING
2024-12-18T23:08:20.857295,9439,9439,UNKNOW MOVEMENT,0.9988952279090881,RECORDING
2024-12-18T23:08:20.925370,9508,9508,UNKNOW MOVEMENT,0.9999929666519165,RECORDING
2024-12-18T23:08:20.975318,9557,9557,UNKNOW MOVEMENT,0.9999971389770508,RECORDING
2024-12-18T23:08:21.008806,9591,9591,UNKNOW MOVEMENT,0.9994409680366516,RECORDING
2024-12-18T23:08:21.061873,9644,9644,UNKNOW MOVEMENT,0.9450862407684326,RECORDING
2024-12-18T23:08:21.092645,9675,9675,10_Burpees,0.6751595735549927,RECORDING
2024-12-18T23:08:21.160287,9742,9742,UNKNOW MOVEMENT,0.9999980926513672,RECORDING
2024-12-18T23:08:21.211130,9793,9793,UNKNOW MOVEMENT,1.0,RECORDING
2024-12-18T23:08:21.264615,9847,9847,UNKNOW MOVEMENT,0.9999970197677612,RECORDING
2024-12-18T23:08:21.446475,10029,10029,UNKNOW MOVEMENT,1.0,RECORDING
2024-12-18T23:08:21.498786,10081,10081,UNKNOW MOVEMENT,1.0,RECORDING
2024-12-18T23:08:21.549149,10131,10131,UNKNOW MOVEMENT,0.9999990463256836,RECORDING
2024-12-18T23:08:21.600009,10182,10182,UNKNOW MOVEMENT,0.9998124241828918,RECORDING
2024-12-18T23:08:21.650354,10232,10232,UNKNOW MOVEMENT,0.9994975328445435,RECORDING
2024-12-18T23:08:21.681719,10264,10264,UNKNOW MOVEMENT,0.5975306034088135,RECORDING
2024-12-18T23:08:21.750503,10333,10333,alzate_laterali,0.9999421834945679,RECORDING
2024-12-18T23:08:21.800193,10382,10382,alzate_laterali,1.0,RECORDING
2024-12-18T23:08:21.833542,10416,10416,alzate_laterali,1.0,RECORDING
2024-12-18T23:08:21.884591,10467,10467,alzate_laterali,1.0,RECORDING
2024-12-18T23:08:21.935208,10517,10517,alzate_laterali,0.9999990463256836,RECORDING
2024-12-18T23:08:21.985458,10568,10568,alzate_laterali,0.9999996423721313,RECORDING
2024-12-18T23:08:22.036063,10618,10618,alzate_laterali,0.9999246597290039,RECORDING
2024-12-18T23:08:22.086185,10668,10668,alzate_laterali,0.996735155582428,RECORDING
2024-12-18T23:08:22.136734,10719,10719,alzate_laterali,0.9366282820701599,RECORDING
2024-12-18T23:08:22.170050,10752,10752,alzate_laterali,0.9899879097938538,RECORDING
2024-12-18T23:08:22.238296,10820,10820,alzate_laterali,1.0,RECORDING
2024-12-18T23:08:22.270879,10853,10853,alzate_laterali,0.9999945163726807,RECORDING
2024-12-18T23:08:22.322755,10905,10905,alzate_laterali,0.9999985694885254,RECORDING
2024-12-18T23:08:22.372820,10955,10955,alzate_laterali,0.9999648332595825,RECORDING
2024-12-18T23:08:22.422803,11005,11005,alzate_laterali,0.9996416568756104,RECORDING
2024-12-18T23:08:22.472988,11055,11055,alzate_laterali,1.0,RECORDING
2024-12-18T23:08:22.574613,11157,11157,alzate_laterali,0.999998927116394,RECORDING
2024-12-18T23:08:22.693374,11276,11276,alzate_laterali,1.0,RECORDING
2024-12-18T23:08:22.750638,11333,11333,alzate_laterali,1.0,RECORDING
2024-12-18T23:08:22.809976,11392,11392,alzate_laterali,1.0,RECORDING
2024-12-18T23:08:22.860727,11443,11443,alzate_laterali,1.0,RECORDING
2024-12-18T23:08:23.113028,11695,11695,Rowing Prona,0.9703493714332581,RECORDING
2024-12-18T23:08:23.146565,11729,11729,Rowing Prona,0.9968720078468323,RECORDING
2024-12-18T23:08:23.197170,11779,11779,Rowing Prona,0.9997283816337585,RECORDING
2024-12-18T23:08:23.247886,11830,11830,Rowing Prona,0.9999872446060181,RECORDING
2024-12-18T23:08:23.298192,11880,11880,Rowing Prona,0.999826967716217,RECORDING
2024-12-18T23:08:23.348508,11931,11931,alzate_laterali,0.9893497228622437,RECORDING
2024-12-18T23:08:23.398821,11981,11981,alzate_laterali,0.9999990463256836,RECORDING
2024-12-18T23:08:23.452586,12035,12035,alzate_laterali,1.0,RECORDING
2024-12-18T23:08:23.483015,12065,12065,alzate_laterali,0.9999998807907104,RECORDING
2024-12-18T23:08:23.552271,12134,12134,alzate_laterali,1.0,RECORDING
2024-12-18T23:08:23.584004,12166,12166,alzate_laterali,0.9999761581420898,RECORDING
2024-12-18T23:08:23.634851,12217,12217,alzate_laterali,0.96413654088974,RECORDING
2024-12-18T23:08:23.685153,12267,12267,01_RowingStretta,0.790753185749054,RECORDING
2024-12-18T23:08:23.739045,12321,12321,alzate_laterali,0.9994893074035645,RECORDING
2024-12-18T23:08:23.786675,12369,12369,alzate_laterali,0.9639001488685608,RECORDING
2024-12-18T23:08:23.836634,12419,12419,14_BoxJump,0.9532878398895264,RECORDING
2024-12-18T23:08:23.887634,12470,12470,14_BoxJump,0.9813334345817566,RECORDING
2024-12-18T23:08:23.937966,12520,12520,14_BoxJump,0.9842771291732788,RECORDING
2024-12-18T23:08:23.988498,12571,12571,alzate_laterali,0.5944886207580566,RECORDING
2024-12-18T23:08:24.021740,12604,12604,alzate_laterali,0.7975332140922546,RECORDING
2024-12-18T23:08:24.072258,12654,12654,alzate_laterali,0.8416575193405151,RECORDING
2024-12-18T23:08:24.122865,12705,12705,alzate_laterali,0.9999643564224243,RECORDING
2024-12-18T23:08:24.278764,12861,12861,alzate_laterali,1.0,RECORDING
2024-12-18T23:08:24.325105,12907,12907,alzate_laterali,1.0,RECORDING
2024-12-18T23:08:24.375696,12958,12958,alzate_laterali,1.0,RECORDING
2024-12-18T23:08:24.511055,13093,13093,alzate_laterali,1.0,RECORDING
2024-12-18T23:08:24.560597,13143,13143,alzate_laterali,0.9999997615814209,RECORDING
2024-12-18T23:08:24.627906,13210,13210,14_BoxJump,0.6191608309745789,RECORDING
2024-12-18T23:08:24.730419,13313,13313,alzate_laterali,0.805535614490509,RECORDING
2024-12-18T23:08:24.762232,13344,13344,14_BoxJump,0.9536590576171875,RECORDING
2024-12-18T23:08:24.814180,13396,13396,14_BoxJump,0.8007133603096008,RECORDING
2024-12-18T23:08:24.880645,13463,13463,14_BoxJump,0.9512856602668762,RECORDING
2024-12-18T23:08:24.965,13547,13547,Rowing Prona,0.6448441743850708,RECORDING
2024-12-18T23:08:25.015263,13597,13597,Rowing Prona,0.9544745087623596,RECORDING
2024-12-18T23:08:25.048372,13631,13631,11_CrunchLibro,0.9459078907966614,RECORDING
2024-12-18T23:08:25.098981,13681,13681,alzate_laterali,0.9996237754821777,RECORDING
2024-12-18T23:08:25.220847,13803,13803,alzate_laterali,1.0,RECORDING
2024-12-18T23:08:25.250371,13833,13833,alzate_laterali,1.0,RECORDING
2024-12-18T23:08:25.301785,13884,13884,alzate_laterali,0.9999942779541016,RECORDING
2024-12-18T23:08:25.351941,13934,13934,alzate_laterali,0.9998635053634644,RECORDING
2024-12-18T23:08:25.402279,13984,13984,alzate_laterali,0.9993188381195068,RECORDING
2024-12-18T23:08:25.435729,14018,14018,alzate_laterali,0.9568085074424744,RECORDING
2024-12-18T23:08:25.503599,14086,14086,14_BoxJump,0.9998500347137451,RECORDING
2024-12-18T23:08:25.536330,14118,14118,14_BoxJump,0.9999954700469971,RECORDING
2024-12-18T23:08:25.587588,14170,14170,14_BoxJump,0.9994818568229675,RECORDING
2024-12-18T23:08:25.637830,14220,14220,14_BoxJump,0.9466968774795532,RECORDING
2024-12-18T23:08:25.689510,14272,14272,14_BoxJump,0.8704028725624084,RECORDING
2024-12-18T23:08:25.756104,14338,14338,alzate_laterali,0.9814363121986389,RECORDING
2024-12-18T23:08:25.788948,14371,14371,alzate_laterali,0.9940841794013977,RECORDING
2024-12-18T23:08:25.840298,14422,14422,alzate_laterali,0.9999253749847412,RECORDING
2024-12-18T23:08:25.890432,14473,14473,alzate_laterali,0.9999991655349731,RECORDING
2024-12-18T23:08:25.940826,14523,14523,alzate_laterali,1.0,RECORDING
2024-12-18T23:08:25.973992,14556,14556,alzate_laterali,1.0,RECORDING
2024-12-18T23:08:26.042257,14624,14624,alzate_laterali,1.0,RECORDING
2024-12-18T23:08:26.075300,14657,14657,alzate_laterali,1.0,RECORDING
2024-12-18T23:08:26.126750,14709,14709,alzate_laterali,1.0,RECORDING
2024-12-18T23:08:26.176580,14759,14759,alzate_laterali,1.0,RECORDING
2024-12-18T23:08:26.277780,14860,14860,alzate_laterali,1.0,RECORDING
2024-12-18T23:08:26.328286,14910,14910,alzate_laterali,1.0,RECORDING
2024-12-18T23:08:26.378313,14960,14960,alzate_laterali,0.9999885559082031,RECORDING
2024-12-18T23:08:26.563518,15146,15146,10_Burpees,0.888857364654541,RECORDING
2024-12-18T23:08:26.614385,15197,15197,UNKNOW MOVEMENT,0.8509942889213562,RECORDING
2024-12-18T23:08:26.716030,15298,15298,Rowing Prona,0.928216278553009,RECORDING
2024-12-18T23:08:26.766004,15348,15348,Rowing Prona,0.9200182557106018,RECORDING
2024-12-18T23:08:26.833126,15415,15415,alzate_laterali,0.45842084288597107,RECORDING
2024-12-18T23:08:26.866184,15448,15448,alzate_laterali,0.9914306998252869,RECORDING
2024-12-18T23:08:26.900031,15482,15482,alzate_laterali,1.0,RECORDING
2024-12-18T23:08:26.950855,15533,15533,alzate_laterali,1.0,RECORDING
2024-12-18T23:08:27.019928,15602,15602,alzate_laterali,1.0,RECORDING
2024-12-18T23:08:27.068524,15651,15651,alzate_laterali,1.0,RECORDING
2024-12-18T23:08:27.102697,15685,15685,alzate_laterali,1.0,RECORDING
2024-12-18T23:08:27.152747,15735,15735,alzate_laterali,0.9999996423721313,RECORDING
2024-12-18T23:08:27.203618,15786,15786,alzate_laterali,0.999984622001648,RECORDING
2024-12-18T23:08:27.253674,15836,15836,alzate_laterali,0.9238888025283813,RECORDING
2024-12-18T23:08:27.304589,15887,15887,14_BoxJump,0.9692909121513367,RECORDING
2024-12-18T23:08:27.355207,15937,15937,14_BoxJump,0.9744686484336853,RECORDING
2024-12-18T23:08:27.388606,15971,15971,alzate_laterali,0.70432448387146,RECORDING
2024-12-18T23:08:27.456414,16039,16039,alzate_laterali,0.9954452514648438,RECORDING
2024-12-18T23:08:27.488884,16071,16071,alzate_laterali,0.9976592063903809,RECORDING
2024-12-18T23:08:27.540100,16122,16122,alzate_laterali,0.9998373985290527,RECORDING
2024-12-18T23:08:27.590614,16173,16173,alzate_laterali,0.999998927116394,RECORDING
2024-12-18T23:08:27.640989,16223,16223,alzate_laterali,0.9999997615814209,RECORDING
2024-12-18T23:08:27.691435,16274,16274,alzate_laterali,1.0,RECORDING
2024-12-18T23:08:27.725036,16307,16307,alzate_laterali,1.0,RECORDING
2024-12-18T23:08:27.775252,16357,16357,alzate_laterali,1.0,RECORDING
2024-12-18T23:08:27.826298,16408,16408,alzate_laterali,1.0,RECORDING
2024-12-18T23:08:27.893365,16476,16476,alzate_laterali,1.0,RECORDING
2024-12-18T23:08:27.926936,16509,16509,alzate_laterali,1.0,RECORDING
2024-12-18T23:08:27.980282,16562,16562,alzate_laterali,1.0,RECORDING
2024-12-18T23:08:28.027649,16610,16610,alzate_laterali,1.0,RECORDING
2024-12-18T23:08:28.060803,16643,16643,alzate_laterali,1.0,RECORDING
2024-12-18T23:08:28.128438,16711,16711,alzate_laterali,1.0,RECORDING
2024-12-18T23:08:28.229886,16812,16812,alzate_laterali,1.0,RECORDING
2024-12-18T23:08:28.263310,16845,16845,alzate_laterali,1.0,RECORDING
2024-12-18T23:08:28.566588,17149,17149,Rowing Prona,0.9983159303665161,RECORDING
2024-12-18T23:08:28.617114,17199,17199,alzate_laterali,0.5443585515022278,RECORDING
2024-12-18T23:08:28.668030,17250,17250,alzate_laterali,0.6959684491157532,RECORDING
2024-12-18T23:08:28.700686,17283,17283,alzate_laterali,0.9384663105010986,RECORDING
2024-12-18T23:08:28.768464,17351,17351,alzate_laterali,1.0,RECORDING
2024-12-18T23:08:28.801929,17384,17384,alzate_laterali,1.0,RECORDING
2024-12-18T23:08:28.920935,17503,17503,alzate_laterali,1.0,RECORDING
2024-12-18T23:08:28.953661,17536,17536,alzate_laterali,1.0,RECORDING
2024-12-18T23:08:29.004513,17587,17587,alzate_laterali,1.0,RECORDING
2024-12-18T23:08:29.055060,17637,17637,alzate_laterali,0.9999997615814209,RECORDING
2024-12-18T23:08:29.173908,17756,17756,alzate_laterali,0.999646782875061,RECORDING
2024-12-18T23:08:29.222558,17805,17805,alzate_laterali,0.9999955892562866,RECORDING
2024-12-18T23:08:29.256971,17839,17839,alzate_laterali,0.9999998807907104,RECORDING
2024-12-18T23:08:29.290412,17873,17873,alzate_laterali,0.9999946355819702,RECORDING
2024-12-18T23:08:29.430540,18013,18013,alzate_laterali,1.0,RECORDING
2024-12-18T23:08:29.497016,18079,18079,alzate_laterali,1.0,RECORDING
2024-12-18T23:08:29.543276,18125,18125,alzate_laterali,1.0,RECORDING
2024-12-18T23:08:29.678359,18261,18261,alzate_laterali,1.0,RECORDING
2024-12-18T23:08:29.727985,18310,18310,alzate_laterali,1.0,RECORDING
2024-12-18T23:08:29.779089,18361,18361,alzate_laterali,1.0,RECORDING
2024-12-18T23:08:29.896867,18479,18479,alzate_laterali,1.0,RECORDING
2024-12-18T23:08:29.930462,18513,18513,alzate_laterali,1.0,RECORDING
2024-12-18T23:08:29.980811,18563,18563,alzate_laterali,1.0,RECORDING
2024-12-18T23:08:30.031697,18614,18614,alzate_laterali,1.0,RECORDING
2024-12-18T23:08:30.149849,18732,18732,alzate_laterali,0.9999995231628418,RECORDING
2024-12-18T23:08:30.183025,18765,18765,alzate_laterali,0.9999985694885254,RECORDING
2024-12-18T23:08:30.216678,18799,18799,alzate_laterali,0.7051140069961548,RECORDING
2024-12-18T23:08:30.368745,18951,18951,alzate_laterali,0.9902404546737671,RECORDING
2024-12-18T23:08:30.418533,19001,19001,alzate_laterali,0.9988642930984497,RECORDING
2024-12-18T23:08:30.469468,19052,19052,alzate_laterali,0.9898453950881958,RECORDING
2024-12-18T23:08:30.519543,19102,19102,UNKNOW MOVEMENT,0.8308760523796082,RECORDING
2024-12-18T23:08:30.570113,19152,19152,alzate_laterali,0.9289633631706238,RECORDING
2024-12-18T23:08:30.603804,19186,19186,alzate_laterali,0.9999885559082031,RECORDING
2024-12-18T23:08:30.671029,19253,19253,alzate_laterali,1.0,RECORDING
2024-12-18T23:08:30.721286,19303,19303,alzate_laterali,1.0,RECORDING
2024-12-18T23:08:30.755270,19337,19337,alzate_laterali,0.9999810457229614,RECORDING
2024-12-18T23:08:30.806099,19388,19388,alzate_laterali,0.8244644403457642,RECORDING
2024-12-18T23:08:30.873529,19456,19456,14_BoxJump,0.9934957027435303,RECORDING
2024-12-18T23:08:30.906475,19489,19489,14_BoxJump,0.9999574422836304,RECORDING
2024-12-18T23:08:30.957288,19539,19539,14_BoxJump,1.0,RECORDING
2024-12-18T23:08:30.990363,19573,19573,14_BoxJump,1.0,RECORDING
2024-12-18T23:08:31.058388,19641,19641,14_BoxJump,1.0,RECORDING
2024-12-18T23:08:31.109038,19691,19691,14_BoxJump,1.0,RECORDING
2024-12-18T23:08:31.158942,19741,19741,14_BoxJump,1.0,RECORDING
2024-12-18T23:08:31.192733,19775,19775,14_BoxJump,1.0,RECORDING
2024-12-18T23:08:31.243333,19825,19825,14_BoxJump,0.9999984502792358,RECORDING
2024-12-18T23:08:31.294094,19876,19876,14_BoxJump,0.9997408986091614,RECORDING
2024-12-18T23:08:31.344451,19927,19927,14_BoxJump,0.9353855848312378,RECORDING
2024-12-18T23:08:31.395123,19977,19977,14_BoxJump,0.7302137017250061,RECORDING
2024-12-18T23:08:31.445251,20027,20027,14_BoxJump,0.7680615186691284,RECORDING
2024-12-18T23:08:31.498572,20081,20081,05_BicipitiManubri,0.6126064658164978,RECORDING
2024-12-18T23:08:31.546659,20129,20129,05_BicipitiManubri,0.9719858169555664,RECORDING
2024-12-18T23:08:31.596859,20179,20179,05_BicipitiManubri,0.9999967813491821,RECORDING
2024-12-18T23:08:31.630371,20213,20213,05_BicipitiManubri,1.0,RECORDING
2024-12-18T23:08:31.681234,20263,20263,05_BicipitiManubri,1.0,RECORDING
2024-12-18T23:08:31.732532,20315,20315,05_BicipitiManubri,1.0,RECORDING
2024-12-18T23:08:31.782090,20364,20364,05_BicipitiManubri,1.0,RECORDING
2024-12-18T23:08:31.832498,20415,20415,05_BicipitiManubri,1.0,RECORDING
2024-12-18T23:08:31.882981,20465,20465,05_BicipitiManubri,1.0,RECORDING
2024-12-18T23:08:31.934342,20516,20516,05_BicipitiManubri,1.0,RECORDING
2024-12-18T23:08:31.984240,20566,20566,05_BicipitiManubri,1.0,RECORDING
2024-12-18T23:08:32.371195,20953,20953,05_BicipitiManubri,0.9999313354492188,RECORDING
2024-12-18T23:08:32.422365,21005,21005,05_BicipitiManubri,0.9999994039535522,RECORDING
2024-12-18T23:08:32.472289,21054,21054,05_BicipitiManubri,1.0,RECORDING
2024-12-18T23:08:32.506030,21088,21088,05_BicipitiManubri,1.0,RECORDING
2024-12-18T23:08:32.573755,21156,21156,05_BicipitiManubri,1.0,RECORDING
2024-12-18T23:08:32.606422,21189,21189,05_BicipitiManubri,1.0,RECORDING
2024-12-18T23:08:32.674176,21256,21256,05_BicipitiManubri,1.0,RECORDING
2024-12-18T23:08:32.707529,21290,21290,05_BicipitiManubri,0.9999938011169434,RECORDING
2024-12-18T23:08:32.759193,21341,21341,05_BicipitiManubri,0.9998310804367065,RECORDING
2024-12-18T23:08:32.809091,21391,21391,05_BicipitiManubri,0.9995569586753845,RECORDING
2024-12-18T23:08:32.860258,21442,21442,05_BicipitiManubri,0.9997914433479309,RECORDING
2024-12-18T23:08:32.909723,21492,21492,05_BicipitiManubri,0.9999021291732788,RECORDING
2024-12-18T23:08:32.942922,21525,21525,05_BicipitiManubri,0.9999783039093018,RECORDING
2024-12-18T23:08:32.994529,21577,21577,05_BicipitiManubri,0.9999979734420776,RECORDING
2024-12-18T23:08:33.044235,21626,21626,05_BicipitiManubri,0.9999991655349731,RECORDING
2024-12-18T23:08:33.095369,21678,21678,05_BicipitiManubri,0.9999998807907104,RECORDING
2024-12-18T23:08:33.148941,21731,21731,05_BicipitiManubri,1.0,RECORDING
2024-12-18T23:08:33.195580,21778,21778,05_BicipitiManubri,0.9999997615814209,RECORDING
2024-12-18T23:08:33.228852,21811,21811,05_BicipitiManubri,0.9999309778213501,RECORDING
2024-12-18T23:08:33.279739,21862,21862,05_BicipitiManubri,0.9985564351081848,RECORDING
2024-12-18T23:08:33.347094,21929,21929,05_BicipitiManubri,0.9999711513519287,RECORDING
2024-12-18T23:08:33.380674,21963,21963,05_BicipitiManubri,0.9999997615814209,RECORDING
2024-12-18T23:08:33.431540,22014,22014,05_BicipitiManubri,1.0,RECORDING
2024-12-18T23:08:33.481612,22064,22064,05_BicipitiManubri,1.0,RECORDING
2024-12-18T23:08:33.532434,22115,22115,05_BicipitiManubri,1.0,RECORDING
2024-12-18T23:08:33.584367,22167,22167,05_BicipitiManubri,1.0,RECORDING
2024-12-18T23:08:33.633747,22216,22216,05_BicipitiManubri,1.0,RECORDING
2024-12-18T23:08:33.684341,22266,22266,05_BicipitiManubri,1.0,RECORDING
2024-12-18T23:08:33.735096,22317,22317,05_BicipitiManubri,1.0,RECORDING
2024-12-18T23:08:33.853045,22435,22435,05_BicipitiManubri,1.0,RECORDING
2024-12-18T23:08:33.885995,22468,22468,05_BicipitiManubri,1.0,RECORDING
2024-12-18T23:08:33.920125,22502,22502,05_BicipitiManubri,1.0,RECORDING
2024-12-18T23:08:34.004919,22587,22587,05_BicipitiManubri,0.9998940229415894,RECORDING
2024-12-18T23:08:34.222970,22805,22805,05_BicipitiManubri,0.9998045563697815,RECORDING
2024-12-18T23:08:34.343214,22925,22925,05_BicipitiManubri,1.0,RECORDING
2024-12-18T23:08:34.391742,22974,22974,05_BicipitiManubri,1.0,RECORDING
2024-12-18T23:08:34.425132,23007,23007,05_BicipitiManubri,1.0,RECORDING
2024-12-18T23:08:34.458594,23041,23041,05_BicipitiManubri,1.0,RECORDING
2024-12-18T23:08:34.577013,23159,23159,05_BicipitiManubri,1.0,RECORDING
2024-12-18T23:08:34.610021,23192,23192,05_BicipitiManubri,1.0,RECORDING
2024-12-18T23:08:34.660735,23243,23243,05_BicipitiManubri,0.9997170567512512,RECORDING
2024-12-18T23:08:34.711195,23293,23293,05_BicipitiManubri,0.9990252256393433,RECORDING
2024-12-18T23:08:34.812611,23395,23395,05_BicipitiManubri,0.9999487400054932,RECORDING
2024-12-18T23:08:34.864269,23446,23446,05_BicipitiManubri,0.9999920129776001,RECORDING
2024-12-18T23:08:34.896646,23479,23479,05_BicipitiManubri,0.9999949932098389,RECORDING
2024-12-18T23:08:34.965378,23548,23548,05_BicipitiManubri,0.9999994039535522,RECORDING
2024-12-18T23:08:34.997077,23579,23579,05_BicipitiManubri,0.9999990463256836,RECORDING
2024-12-18T23:08:35.064775,23647,23647,05_BicipitiManubri,0.9992620348930359,RECORDING
2024-12-18T23:08:35.098118,23680,23680,05_BicipitiManubri,0.9868288636207581,RECORDING
2024-12-18T23:08:35.148975,23731,23731,05_BicipitiManubri,0.9756622910499573,RECORDING
2024-12-18T23:08:35.199879,23782,23782,05_BicipitiManubri,0.9812517166137695,RECORDING
2024-12-18T23:08:35.232486,23815,23815,05_BicipitiManubri,0.95185387134552,RECORDING
2024-12-18T23:08:35.301631,23884,23884,05_BicipitiManubri,0.9999927282333374,RECORDING
2024-12-18T23:08:35.333734,23916,23916,05_BicipitiManubri,1.0,RECORDING
2024-12-18T23:08:35.384492,23967,23967,05_BicipitiManubri,1.0,RECORDING
2024-12-18T23:08:35.435631,24018,24018,05_BicipitiManubri,1.0,RECORDING
2024-12-18T23:08:35.486773,24069,24069,05_BicipitiManubri,1.0,RECORDING
2024-12-18T23:08:35.535958,24118,24118,05_BicipitiManubri,1.0,RECORDING
2024-12-18T23:08:35.586709,24169,24169,05_BicipitiManubri,1.0,RECORDING
2024-12-18T23:08:35.637363,24220,24220,05_BicipitiManubri,1.0,RECORDING
2024-12-18T23:08:35.688886,24271,24271,05_BicipitiManubri,1.0,RECORDING
2024-12-18T23:08:35.738077,24320,24320,05_BicipitiManubri,1.0,RECORDING
2024-12-18T23:08:35.771118,24353,24353,05_BicipitiManubri,1.0,RECORDING
2024-12-18T23:08:35.823055,24405,24405,05_BicipitiManubri,1.0,RECORDING
2024-12-18T23:08:36.228080,24810,24810,05_BicipitiManubri,1.0,RECORDING
2024-12-18T23:08:36.279101,24861,24861,05_BicipitiManubri,1.0,RECORDING
2024-12-18T23:08:36.328673,24911,24911,05_BicipitiManubri,1.0,RECORDING
2024-12-18T23:08:36.377742,24960,24960,05_BicipitiManubri,1.0,RECORDING
2024-12-18T23:08:36.411834,24994,24994,05_BicipitiManubri,1.0,RECORDING
2024-12-18T23:08:36.479668,25062,25062,05_BicipitiManubri,1.0,RECORDING
2024-12-18T23:08:36.530001,25112,25112,05_BicipitiManubri,1.0,RECORDING
2024-12-18T23:08:36.563272,25145,25145,05_BicipitiManubri,0.9999997615814209,RECORDING
2024-12-18T23:08:36.613523,25196,25196,05_BicipitiManubri,0.9999980926513672,RECORDING
2024-12-18T23:08:36.664323,25246,25246,05_BicipitiManubri,0.9999737739562988,RECORDING
2024-12-18T23:08:36.697231,25279,25279,05_BicipitiManubri,0.9996776580810547,RECORDING
2024-12-18T23:08:36.766036,25348,25348,05_BicipitiManubri,0.9998779296875,RECORDING
2024-12-18T23:08:36.815415,25398,25398,05_BicipitiManubri,0.9999945163726807,RECORDING
2024-12-18T23:08:36.849142,25431,25431,05_BicipitiManubri,0.999995231628418,RECORDING
2024-12-18T23:08:36.917768,25500,25500,05_BicipitiManubri,0.9999924898147583,RECORDING
2024-12-18T23:08:36.950111,25532,25532,05_BicipitiManubri,0.9999990463256836,RECORDING
2024-12-18T23:08:37.004236,25586,25586,05_BicipitiManubri,0.9999995231628418,RECORDING
2024-12-18T23:08:37.051288,25633,25633,05_BicipitiManubri,0.9987891316413879,RECORDING
2024-12-18T23:08:37.102107,25684,25684,05_BicipitiManubri,0.9511067867279053,RECORDING
2024-12-18T23:08:37.152491,25735,25735,05_BicipitiManubri,0.7550606727600098,RECORDING
2024-12-18T23:08:37.205020,25787,25787,05_BicipitiManubri,0.9803913831710815,RECORDING
2024-12-18T23:08:37.253113,25835,25835,05_BicipitiManubri,0.9999791383743286,RECORDING
2024-12-18T23:08:37.286851,25869,25869,05_BicipitiManubri,1.0,RECORDING
2024-12-18T23:08:37.337582,25920,25920,05_BicipitiManubri,1.0,RECORDING
2024-12-18T23:08:37.388695,25971,25971,05_BicipitiManubri,1.0,RECORDING
2024-12-18T23:08:37.438991,26021,26021,05_BicipitiManubri,1.0,RECORDING
2024-12-18T23:08:37.488886,26071,26071,05_BicipitiManubri,1.0,RECORDING
2024-12-18T23:08:37.541813,26124,26124,05_BicipitiManubri,1.0,RECORDING
2024-12-18T23:08:37.572646,26155,26155,05_BicipitiManubri,1.0,RECORDING
2024-12-18T23:08:37.644185,26226,26226,05_BicipitiManubri,1.0,RECORDING
2024-12-18T23:08:37.692463,26275,26275,05_BicipitiManubri,1.0,RECORDING
2024-12-18T23:08:37.724486,26307,26307,05_BicipitiManubri,1.0,RECORDING
2024-12-18T23:08:37.776103,26358,26358,05_BicipitiManubri,1.0,RECORDING
2024-12-18T23:08:37.826070,26408,26408,05_BicipitiManubri,1.0,RECORDING
2024-12-18T23:08:38.284398,26867,26867,05_BicipitiManubri,1.0,RECORDING
2024-12-18T23:08:38.349907,26932,26932,05_BicipitiManubri,1.0,RECORDING
2024-12-18T23:08:38.416491,26999,26999,05_BicipitiManubri,1.0,RECORDING
2024-12-18T23:08:38.534807,27117,27117,05_BicipitiManubri,1.0,RECORDING
2024-12-18T23:08:38.583152,27165,27165,05_BicipitiManubri,0.9999990463256836,RECORDING
2024-12-18T23:08:38.616713,27199,27199,05_BicipitiManubri,0.9999995231628418,RECORDING
2024-12-18T23:08:38.651043,27233,27233,05_BicipitiManubri,0.9999998807907104,RECORDING
2024-12-18T23:08:38.797168,27379,27379,05_BicipitiManubri,0.9999949932098389,RECORDING
2024-12-18T23:08:38.853077,27435,27435,05_BicipitiManubri,0.9999970197677612,RECORDING
2024-12-18T23:08:38.903117,27485,27485,05_BicipitiManubri,0.9999984502792358,RECORDING
2024-12-18T23:08:39.021131,27603,27603,05_BicipitiManubri,0.9999986886978149,RECORDING
2024-12-18T23:08:39.054436,27637,27637,05_BicipitiManubri,0.9999986886978149,RECORDING
2024-12-18T23:08:39.088360,27671,27671,05_BicipitiManubri,0.9999849796295166,RECORDING
2024-12-18T23:08:39.155657,27738,27738,05_BicipitiManubri,0.9946380257606506,RECORDING
2024-12-18T23:08:39.307002,27889,27889,05_BicipitiManubri,0.9998610019683838,RECORDING
2024-12-18T23:08:39.340159,27922,27922,05_BicipitiManubri,0.9999997615814209,RECORDING
2024-12-18T23:08:39.393097,27975,27975,05_BicipitiManubri,1.0,RECORDING
2024-12-18T23:08:39.509504,28092,28092,05_BicipitiManubri,1.0,RECORDING
2024-12-18T23:08:39.542752,28125,28125,05_BicipitiManubri,1.0,RECORDING
2024-12-18T23:08:39.576386,28159,28159,05_BicipitiManubri,1.0,RECORDING
2024-12-18T23:08:39.644102,28226,28226,05_BicipitiManubri,1.0,RECORDING
2024-12-18T23:08:39.678899,28261,28261,05_BicipitiManubri,1.0,RECORDING
2024-12-18T23:08:39.727886,28310,28310,05_BicipitiManubri,1.0,RECORDING
2024-12-18T23:08:40.266904,28849,28849,06_Rematore,0.9889954328536987,RECORDING
2024-12-18T23:08:40.317101,28899,28899,05_BicipitiManubri,0.9984478950500488,RECORDING
2024-12-18T23:08:40.350544,28933,28933,05_BicipitiManubri,0.9999980926513672,RECORDING
2024-12-18T23:08:40.421936,29004,29004,05_BicipitiManubri,0.9999985694885254,RECORDING
2024-12-18T23:08:40.469026,29051,29051,05_BicipitiManubri,0.9999901056289673,RECORDING
2024-12-18T23:08:40.536502,29119,29119,05_BicipitiManubri,0.9973477125167847,RECORDING
2024-12-18T23:08:40.569234,29151,29151,05_BicipitiManubri,0.980786919593811,RECORDING
2024-12-18T23:08:40.603599,29186,29186,05_BicipitiManubri,0.5390322208404541,RECORDING
2024-12-18T23:08:40.654069,29236,29236,06_Rematore,0.9967291355133057,RECORDING
2024-12-18T23:08:40.722245,29304,29304,06_Rematore,0.9999839067459106,RECORDING
2024-12-18T23:08:40.754651,29337,29337,06_Rematore,0.9999841451644897,RECORDING
2024-12-18T23:08:40.806173,29388,29388,06_Rematore,0.999995231628418,RECORDING
2024-12-18T23:08:40.838914,29421,29421,06_Rematore,0.9999991655349731,RECORDING
2024-12-18T23:08:40.890211,29472,29472,06_Rematore,0.9999867677688599,RECORDING
2024-12-18T23:08:40.957703,29540,29540,05_BicipitiManubri,0.8310708999633789,RECORDING
2024-12-18T23:08:40.990042,29572,29572,05_BicipitiManubri,0.9705421328544617,RECORDING
2024-12-18T23:08:41.059086,29641,29641,05_BicipitiManubri,0.9985899329185486,RECORDING
2024-12-18T23:08:41.108815,29691,29691,05_BicipitiManubri,0.5108633041381836,RECORDING
2024-12-18T23:08:41.143582,29726,29726,03_CrociStix,0.5096754431724548,RECORDING
2024-12-18T23:08:41.192794,29775,29775,05_BicipitiManubri,0.9289376735687256,RECORDING
2024-12-18T23:08:41.243419,29826,29826,05_BicipitiManubri,0.9938027858734131,RECORDING
2024-12-18T23:08:41.293729,29876,29876,05_BicipitiManubri,0.9998728036880493,RECORDING
2024-12-18T23:08:41.346812,29929,29929,05_BicipitiManubri,0.999990701675415,RECORDING
2024-12-18T23:08:41.394782,29977,29977,05_BicipitiManubri,0.999997615814209,RECORDING
2024-12-18T23:08:41.428659,30011,30011,05_BicipitiManubri,0.9999995231628418,RECORDING
2024-12-18T23:08:41.478872,30061,30061,05_BicipitiManubri,0.9999994039535522,RECORDING
2024-12-18T23:08:41.529333,30111,30111,05_BicipitiManubri,0.9999986886978149,RECORDING
2024-12-18T23:08:41.597161,30179,30179,05_BicipitiManubri,0.9985671043395996,RECORDING
2024-12-18T23:08:41.647743,30230,30230,05_BicipitiManubri,0.9999185800552368,RECORDING
2024-12-18T23:08:41.681308,30263,30263,05_BicipitiManubri,0.9999793767929077,RECORDING
2024-12-18T23:08:41.731523,30314,30314,05_BicipitiManubri,0.9999053478240967,RECORDING
2024-12-18T23:08:41.782042,30364,30364,05_BicipitiManubri,0.9993072748184204,RECORDING
2024-12-18T23:08:42.068910,30651,30651,06_Rematore,0.5092633962631226,RECORDING
2024-12-18T23:08:42.120173,30702,30702,05_BicipitiManubri,0.7327207326889038,RECORDING
2024-12-18T23:08:42.171687,30754,30754,05_BicipitiManubri,0.9879055023193359,RECORDING
2024-12-18T23:08:42.220191,30802,30802,05_BicipitiManubri,0.9995230436325073,RECORDING
2024-12-18T23:08:42.287689,30870,30870,05_BicipitiManubri,0.999998927116394,RECORDING
2024-12-18T23:08:42.320585,30903,30903,05_BicipitiManubri,0.9999321699142456,RECORDING
2024-12-18T23:08:42.354463,30937,30937,05_BicipitiManubri,0.9990449547767639,RECORDING
2024-12-18T23:08:42.404799,30987,30987,05_BicipitiManubri,0.9974690675735474,RECORDING
2024-12-18T23:08:42.455853,31038,31038,05_BicipitiManubri,0.9620552659034729,RECORDING
2024-12-18T23:08:42.505526,31088,31088,05_BicipitiManubri,0.8689959049224854,RECORDING
2024-12-18T23:08:42.556199,31138,31138,05_BicipitiManubri,0.9871975183486938,RECORDING
2024-12-18T23:08:42.607019,31189,31189,05_BicipitiManubri,0.9992808699607849,RECORDING
2024-12-18T23:08:42.657873,31240,31240,05_BicipitiManubri,0.9999908208847046,RECORDING
2024-12-18T23:08:42.707923,31290,31290,05_BicipitiManubri,0.9999996423721313,RECORDING
2024-12-18T23:08:42.758540,31341,31341,05_BicipitiManubri,0.9999456405639648,RECORDING
2024-12-18T23:08:42.809327,31391,31391,05_BicipitiManubri,0.9991557598114014,RECORDING
2024-12-18T23:08:42.842418,31425,31425,05_BicipitiManubri,0.9912938475608826,RECORDING
2024-12-18T23:08:42.981395,31564,31564,14_BoxJump,0.9524429440498352,RECORDING
2024-12-18T23:08:43.044964,31627,31627,14_BoxJump,0.9070260524749756,RECORDING
2024-12-18T23:08:43.095284,31677,31677,14_BoxJump,0.5857084393501282,RECORDING
2024-12-18T23:08:43.213264,31795,31795,03_CrociStix,0.47013118863105774,RECORDING
2024-12-18T23:08:43.245916,31828,31828,14_BoxJump,0.48051804304122925,RECORDING
2024-12-18T23:08:43.280299,31862,31862,14_BoxJump,0.46005979180336,RECORDING
2024-12-18T23:08:43.348415,31931,31931,03_CrociStix,0.8226370811462402,RECORDING
2024-12-18T23:08:43.476157,32058,32058,alzate_laterali,0.993025541305542,RECORDING
2024-12-18T23:08:43.551793,32134,32134,alzate_laterali,0.9999921321868896,RECORDING
2024-12-18T23:08:43.600624,32183,32183,alzate_laterali,0.9999998807907104,RECORDING
2024-12-18T23:08:44.190276,32772,32772,alzate_laterali,0.5420259237289429,RECORDING
2024-12-18T23:08:44.240226,32822,32822,alzate_laterali,0.9975661039352417,RECORDING
2024-12-18T23:08:44.273671,32856,32856,alzate_laterali,0.9999641180038452,RECORDING
2024-12-18T23:08:44.306896,32889,32889,alzate_laterali,0.9999990463256836,RECORDING
2024-12-18T23:08:44.425513,33008,33008,alzate_laterali,1.0,RECORDING
2024-12-18T23:08:44.458424,33041,33041,alzate_laterali,1.0,RECORDING
2024-12-18T23:08:44.509222,33091,33091,alzate_laterali,1.0,RECORDING
2024-12-18T23:08:44.559788,33142,33142,alzate_laterali,1.0,RECORDING
2024-12-18T23:08:44.610336,33192,33192,alzate_laterali,0.9999849796295166,RECORDING
2024-12-18T23:08:44.660451,33243,33243,01_RowingStretta,0.7579266428947449,RECORDING
2024-12-18T23:08:44.711411,33294,33294,alzate_laterali,0.9143385291099548,RECORDING
2024-12-18T23:08:44.744529,33327,33327,alzate_laterali,0.9999229907989502,RECORDING
2024-12-18T23:08:44.814615,33397,33397,alzate_laterali,0.9999830722808838,RECORDING
2024-12-18T23:08:44.845692,33428,33428,alzate_laterali,0.9990066885948181,RECORDING
2024-12-18T23:08:44.896757,33479,33479,alzate_laterali,0.9999505281448364,RECORDING
2024-12-18T23:08:44.947334,33529,33529,alzate_laterali,0.9999996423721313,RECORDING
2024-12-18T23:08:44.997734,33580,33580,alzate_laterali,1.0,RECORDING
2024-12-18T23:08:45.048904,33631,33631,alzate_laterali,1.0,RECORDING
2024-12-18T23:08:45.099903,33682,33682,alzate_laterali,1.0,RECORDING
2024-12-18T23:08:45.148939,33731,33731,alzate_laterali,1.0,RECORDING
2024-12-18T23:08:45.182709,33765,33765,alzate_laterali,1.0,RECORDING
2024-12-18T23:08:45.253991,33836,33836,alzate_laterali,1.0,RECORDING
2024-12-18T23:08:45.976185,34558,34558,Rowing Prona,0.7805672287940979,RECORDING
2024-12-18T23:08:46.007579,34590,34590,alzate_laterali,0.7259151935577393,RECORDING
2024-12-18T23:08:46.058404,34641,34641,alzate_laterali,0.9985747337341309,RECORDING
2024-12-18T23:08:46.109188,34691,34691,alzate_laterali,0.999985933303833,RECORDING
2024-12-18T23:08:46.159870,34742,34742,alzate_laterali,0.9999995231628418,RECORDING
2024-12-18T23:08:46.208965,34791,34791,alzate_laterali,0.9999998807907104,RECORDING
2024-12-18T23:08:46.259575,34842,34842,alzate_laterali,1.0,RECORDING
2024-12-18T23:08:46.292882,34875,34875,alzate_laterali,1.0,RECORDING
2024-12-18T23:08:46.360462,34943,34943,alzate_laterali,0.9999996423721313,RECORDING
2024-12-18T23:08:46.411226,34993,34993,alzate_laterali,0.7703291773796082,RECORDING
2024-12-18T23:08:46.444574,35027,35027,01_RowingStretta,0.9615190029144287,RECORDING
2024-12-18T23:08:46.495170,35077,35077,01_RowingStretta,0.9246152639389038,RECORDING
2024-12-18T23:08:46.546701,35129,35129,alzate_laterali,0.9986975193023682,RECORDING
2024-12-18T23:08:46.596326,35178,35178,alzate_laterali,0.9996844530105591,RECORDING
2024-12-18T23:08:46.647837,35230,35230,alzate_laterali,0.9948004484176636,RECORDING
2024-12-18T23:08:46.697700,35280,35280,alzate_laterali,0.9515513181686401,RECORDING
2024-12-18T23:08:46.748546,35331,35331,alzate_laterali,0.9995148181915283,RECORDING
2024-12-18T23:08:46.799592,35382,35382,alzate_laterali,1.0,RECORDING
2024-12-18T23:08:46.849881,35432,35432,alzate_laterali,0.9999998807907104,RECORDING
2024-12-18T23:08:46.899743,35482,35482,alzate_laterali,0.9999985694885254,RECORDING
2024-12-18T23:08:46.932597,35515,35515,alzate_laterali,0.9999979734420776,RECORDING
2024-12-18T23:08:47.001313,35583,35583,alzate_laterali,1.0,RECORDING
2024-12-18T23:08:47.034256,35616,35616,alzate_laterali,1.0,RECORDING
2024-12-18T23:08:47.135339,35717,35717,alzate_laterali,1.0,RECORDING
2024-12-18T23:08:47.186179,35768,35768,alzate_laterali,1.0,RECORDING
2024-12-18T23:08:47.338138,35920,35920,alzate_laterali,1.0,RECORDING
2024-12-18T23:08:47.388127,35970,35970,alzate_laterali,1.0,RECORDING
2024-12-18T23:08:47.438656,36021,36021,alzate_laterali,1.0,RECORDING
2024-12-18T23:08:47.825394,36408,36408,Rowing Prona,0.9350530505180359,RECORDING
2024-12-18T23:08:47.876166,36458,36458,Rowing Prona,0.9867841005325317,RECORDING
2024-12-18T23:08:47.926686,36509,36509,alzate_laterali,0.9986838698387146,RECORDING
2024-12-18T23:08:47.959711,36542,36542,alzate_laterali,0.9999932050704956,RECORDING
2024-12-18T23:08:48.011742,36594,36594,alzate_laterali,0.9999994039535522,RECORDING
2024-12-18T23:08:48.151678,36734,36734,alzate_laterali,1.0,RECORDING
2024-12-18T23:08:48.213306,36795,36795,alzate_laterali,0.9999996423721313,RECORDING
2024-12-18T23:08:48.263190,36845,36845,alzate_laterali,0.9999226331710815,RECORDING
2024-12-18T23:08:48.366582,36949,36949,alzate_laterali,0.796610951423645,RECORDING
2024-12-18T23:08:48.414542,36997,36997,alzate_laterali,0.9995548129081726,RECORDING
2024-12-18T23:08:48.448346,37030,37030,alzate_laterali,0.9995974898338318,RECORDING
2024-12-18T23:08:48.498667,37081,37081,alzate_laterali,0.9987358450889587,RECORDING
2024-12-18T23:08:48.617028,37199,37199,alzate_laterali,0.9918230175971985,RECORDING
2024-12-18T23:08:48.649935,37232,37232,alzate_laterali,0.9999784231185913,RECORDING
2024-12-18T23:08:48.700906,37283,37283,alzate_laterali,1.0,RECORDING
2024-12-18T23:08:48.753530,37336,37336,alzate_laterali,0.9999998807907104,RECORDING
2024-12-18T23:08:48.870596,37453,37453,alzate_laterali,1.0,RECORDING
2024-12-18T23:08:48.902720,37485,37485,alzate_laterali,1.0,RECORDING
2024-12-18T23:08:48.937362,37520,37520,alzate_laterali,1.0,RECORDING
2024-12-18T23:08:49.778577,38361,38361,Rowing Prona,0.9974502921104431,RECORDING
2024-12-18T23:08:49.811255,38393,38393,Rowing Prona,0.8986528515815735,RECORDING
2024-12-18T23:08:49.880121,38462,38462,alzate_laterali,0.9999970197677612,RECORDING
2024-12-18T23:08:49.912448,38495,38495,alzate_laterali,0.9999642372131348,RECORDING
2024-12-18T23:08:49.964780,38547,38547,alzate_laterali,0.9999963045120239,RECORDING
2024-12-18T23:08:50.013998,38596,38596,alzate_laterali,1.0,RECORDING
2024-12-18T23:08:50.083211,38665,38665,alzate_laterali,0.9999995231628418,RECORDING
2024-12-18T23:08:50.114477,38697,38697,alzate_laterali,0.9995098114013672,RECORDING
2024-12-18T23:08:50.166147,38748,38748,alzate_laterali,0.8918676972389221,RECORDING
2024-12-18T23:08:50.215477,38798,38798,alzate_laterali,0.8903883099555969,RECORDING
2024-12-18T23:08:50.270642,38853,38853,alzate_laterali,0.9973334074020386,RECORDING
2024-12-18T23:08:50.317124,38899,38899,alzate_laterali,0.9976822137832642,RECORDING
2024-12-18T23:08:50.350361,38933,38933,alzate_laterali,0.9846545457839966,RECORDING
2024-12-18T23:08:50.401744,38984,38984,alzate_laterali,0.9352541565895081,RECORDING
2024-12-18T23:08:50.451603,39034,39034,Rowing Prona,0.6618473529815674,RECORDING
2024-12-18T23:08:50.519029,39101,39101,Rowing Prona,0.5589316487312317,RECORDING
2024-12-18T23:08:50.554447,39137,39137,alzate_laterali,0.9966101050376892,RECORDING
2024-12-18T23:08:50.603126,39185,39185,alzate_laterali,0.9999812841415405,RECORDING
2024-12-18T23:08:50.636395,39219,39219,alzate_laterali,0.9999939203262329,RECORDING
2024-12-18T23:08:50.704214,39286,39286,alzate_laterali,0.9987247586250305,RECORDING
2024-12-18T23:08:50.754596,39337,39337,alzate_laterali,0.9999408721923828,RECORDING
2024-12-18T23:08:50.787509,39370,39370,alzate_laterali,0.9999489784240723,RECORDING
2024-12-18T23:08:50.839185,39421,39421,alzate_laterali,0.9999969005584717,RECORDING
2024-12-18T23:08:50.991668,39574,39574,alzate_laterali,1.0,RECORDING
2024-12-18T23:08:51.041336,39623,39623,alzate_laterali,1.0,RECORDING
2024-12-18T23:08:51.091196,39673,39673,alzate_laterali,1.0,RECORDING
2024-12-18T23:08:51.831583,40414,40414,alzate_laterali,0.9999819993972778,RECORDING
2024-12-18T23:08:51.865654,40448,40448,alzate_laterali,0.9999237060546875,RECORDING
2024-12-18T23:08:51.917587,40500,40500,alzate_laterali,0.9999996423721313,RECORDING
2024-12-18T23:08:51.967085,40549,40549,alzate_laterali,0.9999997615814209,RECORDING
2024-12-18T23:08:52.018895,40601,40601,alzate_laterali,0.9999980926513672,RECORDING
2024-12-18T23:08:52.067350,40649,40649,alzate_laterali,0.9958523511886597,RECORDING
2024-12-18T23:08:52.100926,40683,40683,alzate_laterali,0.9962024092674255,RECORDING
2024-12-18T23:08:52.168868,40751,40751,alzate_laterali,0.9999827146530151,RECORDING
2024-12-18T23:08:52.201825,40784,40784,alzate_laterali,0.9988821148872375,RECORDING
2024-12-18T23:08:52.269961,40852,40852,alzate_laterali,0.9844955801963806,RECORDING
2024-12-18T23:08:52.302969,40885,40885,alzate_laterali,0.9287088513374329,RECORDING
2024-12-18T23:08:52.371222,40953,40953,Rowing Prona,0.6494759321212769,RECORDING
2024-12-18T23:08:52.424206,41006,41006,alzate_laterali,0.8952583074569702,RECORDING
2024-12-18T23:08:52.472242,41054,41054,01_RowingStretta,0.5043929815292358,RECORDING
2024-12-18T23:08:52.505148,41087,41087,01_RowingStretta,0.9998887777328491,RECORDING
2024-12-18T23:08:52.538418,41121,41121,01_RowingStretta,0.9999841451644897,RECORDING
2024-12-18T23:08:52.589204,41171,41171,01_RowingStretta,0.9989296793937683,RECORDING
2024-12-18T23:08:52.639887,41222,41222,alzate_laterali,0.890392541885376,RECORDING
2024-12-18T23:08:52.690338,41272,41272,alzate_laterali,0.9999619722366333,RECORDING
2024-12-18T23:08:52.809075,41391,41391,alzate_laterali,0.9956632256507874,RECORDING
2024-12-18T23:08:52.858986,41441,41441,alzate_laterali,0.9995551705360413,RECORDING
2024-12-18T23:08:52.909527,41492,41492,alzate_laterali,0.9999513626098633,RECORDING
2024-12-18T23:08:53.060714,41643,41643,alzate_laterali,0.9999998807907104,RECORDING
2024-12-18T23:08:53.094065,41676,41676,alzate_laterali,0.9999995231628418,RECORDING
2024-12-18T23:08:53.145984,41728,41728,alzate_laterali,1.0,RECORDING
2024-12-18T23:08:53.195542,41778,41778,alzate_laterali,1.0,RECORDING
2024-12-18T23:08:53.347228,41929,41929,alzate_laterali,0.9840166568756104,RECORDING
2024-12-18T23:08:53.380961,41963,41963,alzate_laterali,0.9243564605712891,RECORDING
2024-12-18T23:08:53.551252,42133,42133,Rowing Prona,1.0,RECORDING
2024-12-18T23:08:53.600461,42183,42183,Rowing Prona,0.9999971389770508,RECORDING
2024-12-18T23:08:54.457916,43040,43040,alzate_laterali,0.9997158646583557,RECORDING
2024-12-18T23:08:54.492022,43074,43074,alzate_laterali,0.9997860789299011,RECORDING
2024-12-18T23:08:54.559612,43142,43142,alzate_laterali,0.999868631362915,RECORDING
2024-12-18T23:08:54.592548,43175,43175,alzate_laterali,0.9999786615371704,RECORDING
2024-12-18T23:08:54.660190,43242,43242,alzate_laterali,0.9999997615814209,RECORDING
2024-12-18T23:08:54.693189,43275,43275,alzate_laterali,0.9999997615814209,RECORDING
2024-12-18T23:08:54.745121,43327,43327,alzate_laterali,0.9999994039535522,RECORDING
2024-12-18T23:08:54.794938,43377,43377,alzate_laterali,0.9999979734420776,RECORDING
2024-12-18T23:08:54.845258,43427,43427,alzate_laterali,0.9999648332595825,RECORDING
2024-12-18T23:08:54.896003,43478,43478,alzate_laterali,0.9644213318824768,RECORDING
2024-12-18T23:08:54.946470,43529,43529,alzate_laterali,0.7251783013343811,RECORDING
2024-12-18T23:08:54.997390,43580,43580,14_BoxJump,0.6595932245254517,RECORDING
2024-12-18T23:08:55.047331,43629,43629,14_BoxJump,0.8451974987983704,RECORDING
2024-12-18T23:08:55.097736,43680,43680,14_BoxJump,0.9980242252349854,RECORDING
2024-12-18T23:08:55.131337,43713,43713,14_BoxJump,0.9997424483299255,RECORDING
2024-12-18T23:08:55.182184,43764,43764,14_BoxJump,0.997866690158844,RECORDING
2024-12-18T23:08:55.232401,43815,43815,14_BoxJump,0.8813249468803406,RECORDING
2024-12-18T23:08:55.283986,43866,43866,05_BicipitiManubri,0.9536618590354919,RECORDING
2024-12-18T23:08:55.315826,43898,43898,05_BicipitiManubri,0.9911417961120605,RECORDING
2024-12-18T23:08:55.366783,43949,43949,05_BicipitiManubri,0.9951234459877014,RECORDING
2024-12-18T23:08:55.419665,44002,44002,05_BicipitiManubri,0.9986163377761841,RECORDING
2024-12-18T23:08:55.467963,44050,44050,05_BicipitiManubri,0.9998236298561096,RECORDING
2024-12-18T23:08:55.535739,44118,44118,05_BicipitiManubri,0.9999998807907104,RECORDING
2024-12-18T23:08:55.568429,44151,44151,05_BicipitiManubri,1.0,RECORDING
2024-12-18T23:08:55.619888,44202,44202,05_BicipitiManubri,1.0,RECORDING
2024-12-18T23:08:55.671034,44253,44253,05_BicipitiManubri,1.0,RECORDING
2024-12-18T23:08:55.738230,44320,44320,05_BicipitiManubri,1.0,RECORDING
2024-12-18T23:08:55.770956,44353,44353,05_BicipitiManubri,1.0,RECORDING
2024-12-18T23:08:55.824654,44407,44407,05_BicipitiManubri,1.0,RECORDING
2024-12-18T23:08:55.872094,44454,44454,05_BicipitiManubri,1.0,RECORDING
2024-12-18T23:08:55.926484,44509,44509,05_BicipitiManubri,1.0,RECORDING
2024-12-18T23:08:55.955951,44538,44538,05_BicipitiManubri,1.0,RECORDING
2024-12-18T23:08:56.023864,44606,44606,05_BicipitiManubri,1.0,RECORDING
2024-12-18T23:08:56.056715,44639,44639,05_BicipitiManubri,1.0,RECORDING
2024-12-18T23:08:56.110950,44693,44693,05_BicipitiManubri,1.0,RECORDING
2024-12-18T23:08:56.158271,44740,44740,05_BicipitiManubri,1.0,RECORDING
2024-12-18T23:08:56.460859,45043,45043,05_BicipitiManubri,1.0,RECORDING
2024-12-18T23:08:56.494438,45077,45077,05_BicipitiManubri,1.0,RECORDING
2024-12-18T23:08:56.613217,45195,45195,05_BicipitiManubri,1.0,RECORDING
2024-12-18T23:08:56.646026,45228,45228,05_BicipitiManubri,1.0,RECORDING
2024-12-18T23:08:56.697039,45279,45279,05_BicipitiManubri,1.0,RECORDING
2024-12-18T23:08:56.730254,45312,45312,05_BicipitiManubri,1.0,RECORDING
2024-12-18T23:08:56.801544,45384,45384,05_BicipitiManubri,1.0,RECORDING
2024-12-18T23:08:56.848317,45430,45430,05_BicipitiManubri,0.9999998807907104,RECORDING
2024-12-18T23:08:56.900900,45483,45483,05_BicipitiManubri,0.9999985694885254,RECORDING
2024-12-18T23:08:56.949645,45532,45532,05_BicipitiManubri,0.9999986886978149,RECORDING
2024-12-18T23:08:56.983182,45565,45565,05_BicipitiManubri,0.9999991655349731,RECORDING
2024-12-18T23:08:57.033511,45616,45616,05_BicipitiManubri,0.9999986886978149,RECORDING
2024-12-18T23:08:57.084945,45667,45667,05_BicipitiManubri,0.9999842643737793,RECORDING
2024-12-18T23:08:57.152423,45735,45735,05_BicipitiManubri,0.9999963045120239,RECORDING
2024-12-18T23:08:57.185095,45767,45767,05_BicipitiManubri,1.0,RECORDING
2024-12-18T23:08:57.236651,45819,45819,05_BicipitiManubri,1.0,RECORDING
2024-12-18T23:08:57.286298,45868,45868,05_BicipitiManubri,1.0,RECORDING
2024-12-18T23:08:57.337104,45919,45919,05_BicipitiManubri,0.9999344348907471,RECORDING
2024-12-18T23:08:57.369880,45952,45952,05_BicipitiManubri,0.9991699457168579,RECORDING
2024-12-18T23:08:57.488016,46070,46070,05_BicipitiManubri,0.9998278617858887,RECORDING
2024-12-18T23:08:57.521171,46103,46103,05_BicipitiManubri,0.9998286962509155,RECORDING
2024-12-18T23:08:57.589170,46171,46171,05_BicipitiManubri,1.0,RECORDING
2024-12-18T23:08:57.622545,46205,46205,05_BicipitiManubri,1.0,RECORDING
2024-12-18T23:08:57.742628,46325,46325,05_BicipitiManubri,1.0,RECORDING
2024-12-18T23:08:57.790888,46373,46373,05_BicipitiManubri,1.0,RECORDING
2024-12-18T23:08:57.824632,46407,46407,05_BicipitiManubri,1.0,RECORDING
2024-12-18T23:08:57.858294,46440,46440,05_BicipitiManubri,1.0,RECORDING
2024-12-18T23:08:57.978238,46560,46560,05_BicipitiManubri,1.0,RECORDING
2024-12-18T23:08:58.026884,46609,46609,05_BicipitiManubri,1.0,RECORDING
2024-12-18T23:08:58.060161,46642,46642,05_BicipitiManubri,1.0,RECORDING
2024-12-18T23:08:58.489392,47072,47072,05_BicipitiManubri,1.0,RECORDING
2024-12-18T23:08:58.548752,47131,47131,05_BicipitiManubri,1.0,RECORDING
2024-12-18T23:08:58.599891,47182,47182,05_BicipitiManubri,1.0,RECORDING
2024-12-18T23:08:58.650241,47232,47232,05_BicipitiManubri,1.0,RECORDING
2024-12-18T23:08:58.700682,47283,47283,05_BicipitiManubri,1.0,RECORDING
2024-12-18T23:08:58.750468,47333,47333,05_BicipitiManubri,1.0,RECORDING
2024-12-18T23:08:58.802066,47384,47384,05_BicipitiManubri,0.999998927116394,RECORDING
2024-12-18T23:08:58.854519,47437,47437,05_BicipitiManubri,0.9999816417694092,RECORDING
2024-12-18T23:08:58.885641,47468,47468,05_BicipitiManubri,0.9999970197677612,RECORDING
2024-12-18T23:08:58.936426,47519,47519,05_BicipitiManubri,0.9999959468841553,RECORDING
2024-12-18T23:08:58.991986,47574,47574,05_BicipitiManubri,0.999987006187439,RECORDING
2024-12-18T23:08:59.037097,47619,47619,05_BicipitiManubri,0.9999887943267822,RECORDING
2024-12-18T23:08:59.087524,47670,47670,05_BicipitiManubri,0.9999995231628418,RECORDING
2024-12-18T23:08:59.141929,47724,47724,05_BicipitiManubri,0.9999997615814209,RECORDING
2024-12-18T23:08:59.189059,47771,47771,05_BicipitiManubri,0.999998927116394,RECORDING
2024-12-18T23:08:59.222099,47804,47804,05_BicipitiManubri,0.9999996423721313,RECORDING
2024-12-18T23:08:59.289826,47872,47872,05_BicipitiManubri,0.9999988079071045,RECORDING
2024-12-18T23:08:59.344105,47926,47926,05_BicipitiManubri,0.9997814297676086,RECORDING
2024-12-18T23:08:59.373736,47956,47956,05_BicipitiManubri,0.9781297445297241,RECORDING
2024-12-18T23:08:59.424651,48007,48007,05_BicipitiManubri,0.6520094871520996,RECORDING
2024-12-18T23:08:59.474873,48057,48057,05_BicipitiManubri,0.753790020942688,RECORDING
2024-12-18T23:08:59.525031,48107,48107,05_BicipitiManubri,0.9996769428253174,RECORDING
2024-12-18T23:08:59.577680,48160,48160,05_BicipitiManubri,0.999997615814209,RECORDING
2024-12-18T23:08:59.626927,48209,48209,05_BicipitiManubri,1.0,RECORDING
2024-12-18T23:08:59.681183,48263,48263,05_BicipitiManubri,1.0,RECORDING
2024-12-18T23:08:59.727093,48309,48309,05_BicipitiManubri,1.0,RECORDING
2024-12-18T23:08:59.760994,48343,48343,05_BicipitiManubri,1.0,RECORDING
2024-12-18T23:08:59.812531,48395,48395,05_BicipitiManubri,1.0,RECORDING
2024-12-18T23:08:59.862237,48444,48444,05_BicipitiManubri,1.0,RECORDING
2024-12-18T23:08:59.912656,48495,48495,05_BicipitiManubri,1.0,RECORDING
2024-12-18T23:08:59.980455,48563,48563,05_BicipitiManubri,1.0,RECORDING
2024-12-18T23:09:00.013488,48596,48596,05_BicipitiManubri,1.0,RECORDING
2024-12-18T23:09:00.401670,48984,48984,05_BicipitiManubri,0.9843059778213501,RECORDING
2024-12-18T23:09:00.451850,49034,49034,05_BicipitiManubri,0.9946921467781067,RECORDING
2024-12-18T23:09:00.504132,49086,49086,05_BicipitiManubri,0.999982476234436,RECORDING
2024-12-18T23:09:00.535216,49117,49117,05_BicipitiManubri,1.0,RECORDING
2024-12-18T23:09:00.603052,49185,49185,05_BicipitiManubri,1.0,RECORDING
2024-12-18T23:09:00.636216,49218,49218,05_BicipitiManubri,1.0,RECORDING
2024-12-18T23:09:00.687725,49270,49270,05_BicipitiManubri,1.0,RECORDING
2024-12-18T23:09:00.738057,49320,49320,05_BicipitiManubri,1.0,RECORDING
2024-12-18T23:09:00.789109,49371,49371,05_BicipitiManubri,0.9999996423721313,RECORDING
2024-12-18T23:09:00.856158,49438,49438,05_BicipitiManubri,0.9981369972229004,RECORDING
2024-12-18T23:09:00.888839,49471,49471,05_BicipitiManubri,0.998941957950592,RECORDING
2024-12-18T23:09:00.943101,49525,49525,05_BicipitiManubri,0.9999408721923828,RECORDING
2024-12-18T23:09:00.990629,49573,49573,05_BicipitiManubri,0.9999706745147705,RECORDING
2024-12-18T23:09:01.040502,49623,49623,05_BicipitiManubri,0.9999886751174927,RECORDING
2024-12-18T23:09:01.074213,49656,49656,05_BicipitiManubri,0.9999988079071045,RECORDING
2024-12-18T23:09:01.125114,49707,49707,05_BicipitiManubri,1.0,RECORDING
2024-12-18T23:09:01.175517,49758,49758,05_BicipitiManubri,1.0,RECORDING
2024-12-18T23:09:01.225745,49808,49808,05_BicipitiManubri,1.0,RECORDING
2024-12-18T23:09:01.296091,49878,49878,05_BicipitiManubri,0.9989117383956909,RECORDING
2024-12-18T23:09:01.326684,49909,49909,05_BicipitiManubri,0.9539986848831177,RECORDING
2024-12-18T23:09:01.380779,49963,49963,05_BicipitiManubri,0.9927158951759338,RECORDING
2024-12-18T23:09:01.428710,50011,50011,05_BicipitiManubri,0.978095293045044,RECORDING
2024-12-18T23:09:01.478274,50060,50060,05_BicipitiManubri,0.9999219179153442,RECORDING
2024-12-18T23:09:01.512601,50095,50095,05_BicipitiManubri,0.9999998807907104,RECORDING
2024-12-18T23:09:01.582948,50165,50165,05_BicipitiManubri,1.0,RECORDING
2024-12-18T23:09:01.612600,50195,50195,05_BicipitiManubri,1.0,RECORDING
2024-12-18T23:09:01.680566,50263,50263,05_BicipitiManubri,1.0,RECORDING
2024-12-18T23:09:01.713898,50296,50296,05_BicipitiManubri,1.0,RECORDING
2024-12-18T23:09:01.765322,50347,50347,05_BicipitiManubri,1.0,RECORDING
2024-12-18T23:09:01.816700,50399,50399,05_BicipitiManubri,1.0,RECORDING
2024-12-18T23:09:01.865875,50448,50448,05_BicipitiManubri,1.0,RECORDING
2024-12-18T23:09:01.915988,50498,50498,05_BicipitiManubri,1.0,RECORDING
2024-12-18T23:09:01.949782,50532,50532,05_BicipitiManubri,1.0,RECORDING
2024-12-18T23:09:02.020035,50602,50602,05_BicipitiManubri,1.0,RECORDING
2024-12-18T23:09:02.487894,51070,51070,05_BicipitiManubri,1.0,RECORDING
2024-12-18T23:09:02.556582,51139,51139,05_BicipitiManubri,0.9999998807907104,RECORDING
2024-12-18T23:09:02.657802,51240,51240,05_BicipitiManubri,1.0,RECORDING
2024-12-18T23:09:02.691745,51274,51274,05_BicipitiManubri,1.0,RECORDING
2024-12-18T23:09:02.741743,51324,51324,05_BicipitiManubri,0.9999996423721313,RECORDING
2024-12-18T23:09:02.808442,51391,51391,05_BicipitiManubri,0.9999983310699463,RECORDING
2024-12-18T23:09:02.911339,51493,51493,05_BicipitiManubri,0.9999279975891113,RECORDING
2024-12-18T23:09:02.943202,51525,51525,05_BicipitiManubri,0.9991865754127502,RECORDING
2024-12-18T23:09:02.995613,51578,51578,05_BicipitiManubri,0.9982984662055969,RECORDING
2024-12-18T23:09:03.026982,51609,51609,05_BicipitiManubri,0.9994972944259644,RECORDING
2024-12-18T23:09:03.145385,51728,51728,05_BicipitiManubri,0.9998103976249695,RECORDING
2024-12-18T23:09:03.179165,51761,51761,05_BicipitiManubri,0.9988603591918945,RECORDING
2024-12-18T23:09:03.247161,51829,51829,05_BicipitiManubri,0.9999289512634277,RECORDING
2024-12-18T23:09:03.279726,51862,51862,05_BicipitiManubri,0.9999861717224121,RECORDING
2024-12-18T23:09:03.398397,51981,51981,05_BicipitiManubri,0.9860897064208984,RECORDING
2024-12-18T23:09:03.448036,52030,52030,05_BicipitiManubri,0.5892584919929504,RECORDING
2024-12-18T23:09:03.483256,52065,52065,05_BicipitiManubri,0.904331386089325,RECORDING
2024-12-18T23:09:03.515544,52098,52098,05_BicipitiManubri,0.9997319579124451,RECORDING
2024-12-18T23:09:03.567801,52150,52150,05_BicipitiManubri,1.0,RECORDING
2024-12-18T23:09:03.616344,52198,52198,05_BicipitiManubri,1.0,RECORDING
2024-12-18T23:09:03.683800,52266,52266,05_BicipitiManubri,1.0,RECORDING
2024-12-18T23:09:03.717177,52299,52299,05_BicipitiManubri,1.0,RECORDING
2024-12-18T23:09:03.768406,52351,52351,05_BicipitiManubri,1.0,RECORDING
2024-12-18T23:09:03.819089,52401,52401,05_BicipitiManubri,1.0,RECORDING
2024-12-18T23:09:03.868507,52451,52451,05_BicipitiManubri,1.0,RECORDING
2024-12-18T23:09:03.902107,52484,52484,05_BicipitiManubri,1.0,RECORDING
2024-12-18T23:09:03.954581,52537,52537,05_BicipitiManubri,1.0,RECORDING
2024-12-18T23:09:04.003724,52586,52586,05_BicipitiManubri,1.0,RECORDING
2024-12-18T23:09:04.071106,52653,52653,05_BicipitiManubri,1.0,RECORDING
2024-12-18T23:09:04.104613,52687,52687,05_BicipitiManubri,1.0,RECORDING
2024-12-18T23:09:04.155792,52738,52738,05_BicipitiManubri,1.0,RECORDING
2024-12-18T23:09:04.206154,52788,52788,05_BicipitiManubri,1.0,RECORDING
2024-12-18T23:09:04.259597,52842,52842,05_BicipitiManubri,1.0,RECORDING
2024-12-18T23:09:04.306603,52889,52889,05_BicipitiManubri,1.0,RECORDING
2024-12-18T23:09:04.357815,52940,52940,05_BicipitiManubri,1.0,RECORDING
2024-12-18T23:09:04.392715,52975,52975,05_BicipitiManubri,1.0,RECORDING
2024-12-18T23:09:05.617904,54200,54200,STATE_CHANGE,PAUSED,PAUSED
2024-12-18T23:09:06.421970,55004,55004,STATE_CHANGE,STOPPED,STOPPED
